,City,Country,Cloudiness,Date,Humidity,Lat,Lng,Max Temp,Windspeed
0,taoudenni,ML,0,1603217183,15,22.68,-3.98,88.02,9.15
1,senanga,ZM,0,1603217183,13,-16.12,23.27,83.25,5.14
3,nanortalik,GL,100,1603217184,85,60.14,-45.24,37.94,4.34
4,ringebu,NO,100,1603217184,94,61.52,10.17,30.99,3
5,tasiilaq,GL,75,1603217148,93,65.61,-37.64,32.0,20.8
6,saint george,BM,1,1603217143,17,37.1,-113.58,64.4,0.58
7,victoria,SC,93,1603217162,68,22.29,114.16,73.99,1.99
8,gizo,SB,66,1603217184,74,-8.1,156.84,82.53,5.28
9,stoholm,DK,90,1603217184,93,56.48,9.15,46.99,9.17
10,ushuaia,AR,40,1603216887,60,-54.8,-68.3,42.8,20.8
11,brentwood,US,90,1603216977,88,40.78,-73.25,68.0,4.32
12,hilo,US,20,1603217184,68,19.73,-155.09,77.0,9.17
13,busselton,AU,64,1603217185,61,-33.65,115.33,57.0,8.7
14,vaini,TO,40,1603217185,77,-21.2,-175.2,69.8,9.17
15,carnarvon,AU,40,1603217152,82,-24.87,113.63,68.0,16.11
16,souillac,MU,20,1603217185,73,-20.52,57.52,75.2,11.41
17,punta arenas,CL,75,1603217134,45,-53.15,-70.92,48.2,20.8
18,thompson,CA,90,1603217103,68,55.74,-97.86,28.4,3.36
19,hobart,AU,90,1603217148,81,-42.88,147.33,53.6,4.7
20,sao joao da barra,BR,75,1603216930,65,-21.64,-41.05,78.8,16.11
21,rikitea,PF,3,1603217185,79,-23.12,-134.97,73.27,14.18
22,ponta delgada,PT,40,1603217185,63,37.73,-25.67,62.6,16.11
23,karratha,AU,38,1603217186,77,-20.74,116.85,67.78,11.3
24,jamestown,SH,90,1603217142,93,42.1,-79.24,50.0,5.82
25,talnakh,RU,75,1603217186,84,69.49,88.4,8.6,4.47
26,port elizabeth,ZA,20,1603217186,77,-33.92,25.57,60.8,12.75
27,qaanaaq,GL,0,1603217186,84,77.48,-69.36,21.85,7.09
28,port alfred,ZA,26,1603217186,70,-33.59,26.89,61.12,17.4
29,bengkulu,ID,98,1603217156,82,-3.8,102.27,76.71,3.96
30,airai,PW,100,1603217148,75,-8.93,125.41,60.75,1.54
31,namatanai,PG,74,1603217158,78,-3.67,152.43,78.89,1.86
32,zhangye,CN,0,1603217187,47,38.93,100.45,45.79,3.89
33,gagino,RU,97,1603217187,87,55.23,45.03,35.8,12.64
34,bluff,NZ,76,1603217187,92,-46.6,168.33,41.0,1.99
35,mataura,PF,93,1603217187,92,-46.19,168.86,41.0,1.99
36,dori,BF,2,1603217187,18,14.04,-0.03,96.15,4.99
37,butaritari,KI,93,1603217187,72,3.07,172.79,82.17,8.55
38,the valley,AI,20,1603216943,70,18.22,-63.06,87.8,9.17
39,esperance,AU,90,1603217187,100,-33.87,121.9,59.0,11.41
40,port antonio,JM,75,1603217188,62,18.18,-76.46,87.8,18.34
41,iqaluit,CA,90,1603217188,74,63.75,-68.51,30.2,6.93
42,peniche,PT,100,1603217188,92,39.36,-9.38,63.0,15.99
43,provideniya,RU,87,1603217188,95,64.38,-173.3,39.47,12.62
44,saint-philippe,RE,38,1603217150,78,-21.36,55.77,73.4,10.49
45,kapaa,US,75,1603217188,88,22.08,-159.32,77.0,5.82
47,jacareacanga,BR,100,1603217189,35,-6.22,-57.75,97.23,4.38
48,san patricio,MX,75,1603217189,58,28.02,-97.52,87.8,10.29
50,avera,PF,1,1603217189,57,33.19,-82.53,78.8,8.05
51,tuktoyaktuk,CA,90,1603217189,92,69.45,-133.04,23.0,16.11
52,stornoway,GB,75,1603217189,93,58.21,-6.39,50.0,27.51
53,tomari,RU,0,1603217199,74,47.77,142.07,46.98,8.66
55,nome,US,75,1603217043,84,64.5,-165.41,32.0,3.36
56,castro,CL,53,1603217200,55,-24.79,-50.01,78.28,1.19
57,maceio,BR,75,1603217200,58,-9.67,-35.74,82.4,13.87
58,ponta do sol,CV,20,1603217200,53,32.67,-17.1,71.6,2.24
59,port hardy,CA,75,1603216949,93,50.7,-127.42,50.0,3.36
60,emba,KZ,24,1603217200,57,48.83,58.14,48.88,15.61
61,hithadhoo,MV,81,1603217200,76,-0.6,73.08,83.07,10.25
62,bathsheba,BB,75,1603217159,66,13.22,-59.52,87.8,12.75
63,luanda,AO,40,1603217085,78,-8.84,13.23,77.0,10.29
64,severo-kurilsk,RU,47,1603217200,71,50.68,156.12,40.17,24.85
65,liverpool,CA,40,1603216947,77,53.41,-2.98,59.0,12.75
66,sabinopolis,BR,100,1603217201,95,-18.67,-43.08,62.76,1.07
67,imeni poliny osipenko,RU,76,1603217201,93,52.42,136.49,30.65,9.22
68,khatanga,RU,83,1603217157,95,71.97,102.5,7.83,7.83
69,krasnozerskoye,RU,62,1603217201,75,53.98,79.24,44.65,8.23
70,albany,AU,100,1603217141,73,42.6,-73.97,64.0,0.38
71,trairi,BR,53,1603217201,58,-3.28,-39.27,85.08,17.29
72,atar,MR,4,1603217201,17,20.52,-13.05,95.4,10.56
73,goba,ET,75,1603217201,82,7.02,39.98,49.55,2.66
74,avarua,CK,19,1603217138,100,-21.21,-159.78,73.4,3.36
75,honningsvag,NO,100,1603217192,72,70.98,25.97,39.49,11.5
76,bethel,US,90,1603217157,88,41.37,-73.41,68.0,6.93
77,ahipara,NZ,98,1603217132,80,-35.17,173.17,56.84,5.32
78,khudumelapye,BW,23,1603217202,14,-23.88,24.75,87.82,5.84
79,mehamn,NO,98,1603217196,81,71.04,27.85,35.87,7.56
81,shush,IR,0,1603217202,21,32.19,48.24,69.3,4.32
82,bredasdorp,ZA,0,1603217202,62,-34.53,20.04,59.0,12.75
84,san quintin,MX,18,1603217203,65,30.48,-115.95,74.39,11.18
85,seydisehir,TR,50,1603217203,65,37.42,31.85,56.61,1.92
86,qinzhou,CN,42,1603217203,72,21.95,108.62,63.75,14.43
87,antalaha,MG,86,1603217178,79,-14.9,50.28,74.46,10.02
88,byron bay,AU,40,1603217203,93,-28.65,153.62,55.4,4.99
89,baruun-urt,MN,84,1603217203,90,46.68,113.28,26.02,15.95
90,lebu,CL,0,1603217160,63,-37.62,-73.65,54.23,19.84
91,dikson,RU,94,1603217204,95,73.51,80.55,21.7,8.05
92,saskylakh,RU,88,1603217204,97,71.92,114.08,21.34,6.96
93,samarai,PG,65,1603217204,85,-10.62,150.67,78.75,8.75
94,takoradi,GH,60,1603217204,86,4.88,-1.76,78.3,10.51
95,fecamp,FR,100,1603217204,77,49.76,0.37,60.8,11.41
96,kaltenkirchen,DE,100,1603217204,94,53.83,9.97,50.0,10.33
97,katsuura,JP,20,1603217204,77,35.13,140.3,60.8,12.75
98,conceicao do araguaia,BR,97,1603217027,27,-8.26,-49.26,100.94,2.91
99,rundu,NA,6,1603217205,14,-17.93,19.77,83.57,6.06
100,general roca,AR,30,1603217205,37,-39.03,-67.58,68.0,4.7
101,jardim,BR,6,1603217205,36,-21.48,-56.14,96.1,2.17
102,nikolskoye,RU,75,1603217142,94,59.7,30.79,37.0,4.47
103,kaitangata,NZ,97,1603217205,86,-46.28,169.85,48.0,3.31
104,pa sang,TH,75,1603217205,83,18.53,98.94,73.99,6.93
106,santana do livramento,BR,83,1603217206,74,-30.89,-55.53,72.39,18.95
107,bonavista,CA,99,1603217216,81,48.65,-53.11,55.45,14.72
108,rio grande,BR,99,1603217052,87,-32.03,-52.1,70.0,5.99
109,hermanus,ZA,0,1603217156,72,-34.42,19.23,57.0,5.01
110,octeville,FR,90,1603217216,87,49.63,-1.64,61.0,11.41
111,kurumkan,RU,0,1603217216,82,54.3,110.3,21.97,3.85
112,nushki,PK,0,1603217195,41,29.55,66.02,50.86,2.33
113,yellowknife,CA,75,1603217136,79,62.46,-114.35,27.0,2.24
114,yarim,YE,0,1603217217,39,14.3,44.38,55.04,7.34
115,cape town,ZA,2,1603217148,62,-33.93,18.42,60.01,14.99
116,lukulu,ZM,0,1603217217,16,-14.37,23.24,78.96,5.57
117,tiksi,RU,100,1603217217,93,71.69,128.87,11.16,13.62
118,poum,NC,0,1603217217,70,-20.23,164.02,74.12,5.21
119,bambous virieux,MU,20,1603217173,73,-20.34,57.76,75.99,11.41
120,quatre cocos,MU,20,1603217217,73,-20.21,57.76,75.99,11.41
121,ostrovnoy,RU,100,1603217217,76,68.05,39.51,38.35,16.96
122,mahebourg,MU,20,1603217185,73,-20.41,57.7,75.2,11.41
123,nogliki,RU,0,1603217218,90,51.83,143.17,30.76,8.84
124,freeport,BS,75,1603217218,93,40.66,-73.58,68.0,3.36
126,santa rita,BO,40,1603217218,55,-7.11,-34.98,86.0,14.99
127,cabrero,CL,8,1603217218,42,-37.03,-72.4,71.6,14.99
128,bandarbeyla,SO,0,1603217218,74,9.49,50.81,79.84,3.87
129,virginia beach,US,75,1603216938,73,36.85,-75.98,79.0,9.17
130,eyrarbakki,IS,40,1603217218,69,63.86,-21.15,37.4,6.93
131,atuona,PF,8,1603217218,74,-9.8,-139.03,77.43,19.57
135,kahului,US,1,1603217180,73,20.89,-156.47,77.0,5.82
136,rancho palos verdes,US,90,1603217219,88,33.74,-118.39,71.01,3.91
137,kaeo,NZ,55,1603217219,94,-35.1,173.78,53.01,1.36
138,pitkyaranta,RU,17,1603217219,91,61.57,31.48,33.33,7.92
139,longyearbyen,SJ,38,1603217219,73,78.22,15.64,23.0,5.82
140,ouesso,CG,96,1603217219,93,1.61,16.05,72.5,3.71
141,pasighat,IN,46,1603217220,85,28.07,95.33,71.56,4.25
142,isabela,US,75,1603217220,94,6.71,121.97,78.8,4.7
143,havre-saint-pierre,CA,90,1603217220,100,50.23,-63.6,42.8,5.82
144,mpika,ZM,61,1603217221,40,-11.83,31.45,72.01,2.62
145,thinadhoo,MV,38,1603217221,78,0.53,72.93,82.85,11.43
146,riyadh,SA,0,1603217222,23,24.69,46.72,75.2,4.7
147,exmouth,GB,85,1603217222,88,50.62,-3.4,60.01,1.01
148,taldan,RU,99,1603217222,99,53.67,124.8,32.31,5.3
149,gornozavodsk,RU,45,1603217222,98,58.38,58.32,29.97,4.74
150,xining,CN,0,1603217222,64,36.62,101.77,38.07,0.11
151,torbay,CA,75,1603217114,63,47.67,-52.73,61.0,19.46
152,upernavik,GL,99,1603217222,87,72.79,-56.15,32.85,8.84
153,trincomalee,LK,8,1603217212,77,8.57,81.23,80.73,17.02
154,moskovskiy,RU,75,1603217223,80,55.6,37.35,37.0,11.18
155,nizhniy kuranakh,RU,100,1603217223,97,58.84,125.49,24.57,2.37
156,balkhash,KZ,0,1603217223,41,46.84,74.98,50.18,10.47
157,sumter,US,99,1603217223,74,28.71,-82.08,84.0,8.99
158,cayenne,GF,39,1603217223,55,4.93,-52.33,91.4,13.87
159,chitral,PK,0,1603217223,31,35.85,71.79,59.92,1.05
160,oktyabrskiy,RU,8,1603217224,77,54.48,53.47,37.53,5.66
161,andra,RU,100,1603217234,99,62.51,65.89,32.05,4.72
163,yulara,AU,0,1603216955,60,-25.24,130.99,69.8,8.05
164,schijndel,NL,90,1603217234,93,51.62,5.43,57.2,9.17
165,tuatapere,NZ,40,1603217234,92,-46.13,167.68,41.0,1.99
166,rabo de peixe,PT,40,1603217234,63,37.8,-25.58,62.6,16.11
167,manakara,MG,1,1603217234,86,-22.13,48.02,71.65,8.34
168,korla,CN,0,1603217106,69,41.76,86.15,53.01,5.01
169,vangaindrano,MG,4,1603217235,90,-23.35,47.6,70.39,7.14
170,penzance,GB,75,1603217235,93,50.12,-5.54,57.2,20.8
171,pidvynohradiv,UA,28,1603217235,87,48.14,22.97,42.8,5.82
173,srednekolymsk,RU,95,1603217151,97,67.45,153.68,17.58,3.65
174,andenes,NO,1,1603217235,79,69.31,16.12,28.4,6.93
175,barrow,US,90,1603217130,86,71.29,-156.79,28.4,6.93
177,grand gaube,MU,0,1603217235,70,-20.01,57.66,75.99,8.99
178,berbera,SO,0,1603217167,51,10.44,45.01,85.44,1.66
179,roald,NO,75,1603217235,86,62.58,6.13,41.0,11.41
182,havelock,US,75,1603217139,83,34.88,-76.9,81.0,4.7
183,oranjemund,NA,0,1603217236,76,-28.55,16.43,59.95,23.15
184,port keats,AU,59,1603217236,80,-14.25,129.55,82.22,5.75
185,kodiak,US,1,1603217140,56,57.79,-152.41,42.8,11.41
186,vuktyl,RU,99,1603217236,99,63.86,57.31,28.62,4.34
187,boden,SE,90,1603217236,100,65.83,21.69,21.2,3.36
188,gat,LY,0,1603217193,100,31.61,34.76,80.01,6.49
189,hamilton,BM,90,1603217227,93,39.18,-84.53,53.6,4.7
190,limenaria,GR,40,1603217237,67,40.63,24.58,61.0,4.7
191,sola,VU,100,1603217162,78,-13.88,167.55,80.1,13.58
192,jumla,NP,6,1603217237,60,29.27,82.18,49.01,4.45
193,dingle,IE,100,1603217164,88,11,122.67,76.8,8.46
194,sao felix do xingu,BR,99,1603217237,26,-6.64,-51.99,99.03,3.56
196,van,TR,40,1603217161,57,38.49,43.38,50.0,3.69
197,dakar,SN,70,1603217033,56,14.69,-17.44,93.2,7.34
198,coquimbo,CL,0,1603216994,67,-29.95,-71.34,62.6,18.34
199,kaduqli,SD,37,1603217238,41,11.02,29.72,84.51,3.33
201,georgetown,SH,20,1603216944,88,5.41,100.34,82.4,3.36
202,iberia,PE,40,1603217238,69,29.95,-91.75,82.4,6.93
203,salme,EE,40,1603217238,88,28.04,85.09,66.2,4.7
204,faanui,PF,75,1603217238,83,-16.48,-151.75,78.3,17.65
205,borogontsy,RU,100,1603217238,96,62.67,131.17,12.45,4.05
206,abu samrah,QA,0,1603217238,35,35.3,37.18,69.82,4.12
207,mar del plata,AR,82,1603217037,41,-38,-57.56,59.0,13.87
208,norman wells,CA,75,1603217148,85,65.28,-126.83,19.4,10.29
209,benguela,AO,67,1603217239,77,-12.58,13.41,75.33,6.6
210,kendari,ID,66,1603217239,85,-3.94,122.5,73.94,1.86
211,donskoye,RU,17,1603217239,76,45.46,41.97,48.2,4.47
212,santa cruz,CR,40,1603217239,46,-17.8,-63.17,93.2,23.04
213,amarpur,IN,0,1603217239,61,25.03,86.9,76.39,1.81
214,codrington,AG,97,1603217200,90,-38.27,141.97,45.64,3.51
215,concordia,MX,75,1603217239,56,-31.39,-58.02,72.0,17.22
216,porto novo,CV,40,1603217239,78,6.5,2.6,82.4,13.87
217,mendi,ET,93,1603217239,100,-6.18,143.65,55.08,1.52
218,fairbanks,US,90,1603217000,85,64.84,-147.72,14.0,1.12
219,dongying,CN,100,1603217250,48,37.46,118.49,61.68,11.14
221,cidreira,BR,1,1603217250,76,-30.18,-50.21,72.95,11.99
222,mirnyy,RU,90,1603217250,85,62.54,113.96,19.4,6.71
224,boshnyakovo,RU,0,1603217250,78,49.63,142.17,35.96,6.71
225,san juan de opoa,HN,42,1603217250,60,14.78,-88.7,80.55,4.72
226,christchurch,NZ,98,1603217206,93,-43.53,172.63,52.0,6.93
227,aquin,HT,70,1603217251,69,18.28,-73.4,84.27,8.7
228,eureka,US,1,1603216997,87,40.8,-124.16,55.4,8.46
229,zhanaozen,KZ,25,1603217251,74,43.3,52.8,49.73,13.53
230,puerto ayora,EC,75,1603217251,69,-0.74,-90.35,78.8,20.8
231,lashio,MM,99,1603217251,98,22.93,97.75,66.51,0.69
232,mumbwa,ZM,0,1603217251,18,-14.98,27.06,76.95,5.46
233,cabo san lucas,MX,5,1603217020,46,22.89,-109.91,93.2,5.82
234,keflavik,IS,100,1603217251,72,64,-22.56,39.2,4.7
235,chulman,RU,100,1603217252,97,56.85,124.91,22.57,7.74
236,barcelona,VE,75,1603217107,77,41.39,2.16,69.8,9.17
237,umm lajj,SA,0,1603217252,52,25.02,37.27,82.08,4.34
238,chihuahua,MX,5,1603217252,17,28.5,-106,87.01,3.96
239,matagami,CA,90,1603217252,93,49.75,-77.63,35.6,5.82
240,eldorado,MX,2,1603217252,39,-23.79,-54.28,91.06,7.83
241,tigil,RU,94,1603217252,97,57.8,158.67,31.05,4.99
242,marsa matruh,EG,40,1603217252,69,31.35,27.25,77.0,9.17
243,vestmannaeyjar,IS,30,1603217252,69,63.44,-20.27,37.4,8.05
244,cockburn town,TC,40,1603217151,58,21.46,-71.14,86.0,6.93
245,santa vitoria do palmar,BR,93,1603217253,74,-33.52,-53.37,58.62,17.92
246,batagay,RU,100,1603217253,94,67.63,134.63,9.81,3.71
247,vlore,AL,1,1603217253,64,40.47,19.49,61.9,5.35
248,clyde river,CA,1,1603217160,88,70.47,-68.59,32.0,21.92
249,villazon,BO,0,1603217253,29,-22.09,-65.59,62.89,14.47
250,kedrovyy,RU,40,1603217253,97,56.17,91.82,37.4,13.42
251,teya,RU,92,1603217253,97,60.38,92.63,28.04,3.13
252,luderitz,NA,0,1603217253,35,-26.65,15.16,71.22,31.47
253,margate,ZA,97,1603217254,89,51.38,1.39,59.0,5.99
254,marrakesh,MA,40,1603217177,28,31.63,-8.01,82.4,19.46
255,porto santo,PT,40,1603217254,64,33.07,-16.34,69.8,21.92
256,zhigansk,RU,100,1603217254,96,66.77,123.37,14.67,7.99
257,quelimane,MZ,2,1603217254,76,-17.88,36.89,78.44,10.69
258,kununurra,AU,0,1603217195,83,-15.77,128.73,80.6,4.97
259,hambantota,LK,0,1603217144,82,6.12,81.12,79.7,17.27
260,east london,ZA,24,1603217254,67,-33.02,27.91,62.6,19.46
261,sitka,US,20,1603217156,93,57.05,-135.33,39.2,4.7
262,tautira,PF,20,1603217255,69,-17.73,-149.15,82.4,13.87
263,bumba,CD,74,1603217255,85,2.18,22.47,74.59,0.58
264,kieta,PG,60,1603217255,80,-6.22,155.63,78.62,3.09
265,monrovia,LR,99,1603217145,81,6.3,-10.8,79.68,6.89
266,okoneshnikovo,RU,100,1603217255,68,54.84,75.08,48.07,10.67
268,pelym,RU,100,1603217255,93,61.01,62,34.0,5.46
269,portobelo,PA,40,1603217255,74,9.55,-79.65,84.0,11.41
270,kungurtug,RU,99,1603217255,92,50.6,97.52,22.77,0.67
271,dolores,AR,100,1603217266,43,-36.31,-57.68,63.18,11.32
272,neepawa,CA,90,1603217266,68,50.23,-99.47,30.2,12.75
273,tura,RU,3,1603217177,86,25.52,90.22,73.27,3.51
274,port lincoln,AU,83,1603217266,86,-34.73,135.87,57.0,9.69
275,hami,CN,0,1603217266,54,42.8,93.45,44.89,0.2
276,matara,LK,7,1603217204,87,5.95,80.54,78.33,9.98
277,krasnoselkup,RU,93,1603217266,98,65.7,82.47,22.78,8.68
278,alofi,NU,72,1603217173,88,-19.06,-169.92,71.6,10.29
279,asau,TV,0,1603217266,93,46.43,26.4,43.0,2.24
280,pandan,PH,100,1603217267,81,14.05,124.17,80.06,13.04
281,arraial do cabo,BR,6,1603217142,69,-22.97,-42.03,78.8,21.92
282,menongue,AO,19,1603217210,17,-14.66,17.69,78.12,4.88
283,williams lake,CA,90,1603217267,68,52.14,-122.14,32.0,1.95
284,garelochhead,GB,100,1603217267,93,56.08,-4.83,54.0,8.05
285,yerbogachen,RU,100,1603217267,96,61.28,108.01,21.33,8.01
286,nioro,ML,74,1603217267,41,13.35,-15.75,91.0,1.3
287,hay river,CA,75,1603217267,92,60.82,-115.8,21.2,10.29
288,luwuk,ID,83,1603217229,66,-0.95,122.79,76.68,5.41
289,kenora,CA,75,1603217098,46,49.82,-94.43,30.2,10.29
290,vostok,RU,24,1603217268,90,46.49,135.88,32.47,5.37
291,marawi,SD,100,1603217268,95,8,124.29,75.99,5.01
293,nadym,RU,94,1603217268,98,65.53,72.52,24.4,5.55
294,pangkalanbuun,ID,83,1603217268,93,-2.68,111.62,75.45,0.45
295,bac lieu,VN,99,1603217268,89,9.29,105.72,77.94,8.48
296,kyren,RU,69,1603217268,80,51.68,102.14,28.47,0.4
297,richards bay,ZA,94,1603217191,74,-28.78,32.04,68.65,12.93
298,pangnirtung,CA,90,1603217269,68,66.15,-65.71,30.2,6.29
299,oshnaviyeh,IR,88,1603217269,57,37.04,45.1,50.0,4.7
300,mogocha,RU,100,1603217269,91,53.73,119.77,27.9,10.89
301,seoul,KR,75,1603217063,93,37.57,126.98,50.0,2.13
302,bernalillo,US,40,1603217269,13,35.05,-106.67,73.99,3.49
303,orsha,BY,78,1603217269,85,54.52,30.41,35.8,6.31
304,lund,SE,40,1603217269,76,55.71,13.19,50.0,13.87
305,fomboni,KM,0,1603217269,69,-12.28,43.74,80.37,4.09
307,jalingo,NG,4,1603217269,60,8.88,11.37,81.18,3.33
308,campos,BR,75,1603217270,65,-21.75,-41.3,78.8,16.11
311,leningradskiy,RU,95,1603217158,89,69.38,178.42,32.9,11.12
312,bijapur,IN,98,1603217270,90,16.83,75.7,73.24,10.47
314,carroll,US,1,1603217270,64,39.55,-77.02,73.99,5.82
315,qaqortoq,GL,75,1603217270,93,60.72,-46.03,35.6,3.36
316,northfield,US,90,1603217270,99,44.46,-93.16,32.0,6.93
317,nouadhibou,MR,38,1603217202,54,20.93,-17.03,82.4,14.99
319,tortosa,ES,99,1603217271,93,40.81,0.52,66.99,3
322,hasaki,JP,20,1603217146,93,35.73,140.83,53.6,9.17
323,aklavik,CA,90,1603217271,79,68.22,-135.01,23.0,16.11
324,morehead,PG,90,1603217271,80,37.27,-87.18,66.99,6.58
325,dumbea,NC,7,1603217271,82,-22.15,166.45,68.0,2.24
326,khandyga,RU,99,1603217272,97,62.67,135.6,15.87,3.98
327,ponoka,CA,75,1603217068,85,52.68,-113.58,27.0,5.82
328,otradnoye,RU,75,1603217272,94,59.78,30.82,36.0,4.47
329,hofn,IS,3,1603217282,72,64.25,-15.21,37.51,3.36
330,tahe,CN,70,1603217282,94,52.33,124.73,32.74,3.24
331,sarankhola,BD,44,1603217282,89,22.31,89.79,77.11,3.85
332,saint-augustin,CA,99,1603217282,77,51.23,-58.65,47.19,6.85
333,amealco,MX,20,1603217282,56,20.18,-100.15,68.0,11.41
334,barcelos,BR,75,1603217282,100,41.54,-8.62,59.0,8.66
335,cherskiy,RU,67,1603217283,96,68.75,161.3,19.06,5.44
336,pampa,US,90,1603217048,82,35.54,-100.96,68.0,16.11
337,dalbandin,PK,0,1603217283,28,28.89,64.41,57.76,5.64
338,fairmont,US,90,1603217283,72,39.49,-80.14,66.2,4.7
339,chuy,UY,100,1603217184,82,-33.7,-53.46,56.34,16.75
340,aswan,EG,0,1603217196,17,24.09,32.91,86.94,8.84
341,naze,JP,75,1603217095,88,28.37,129.48,73.4,12.75
342,chinsali,ZM,86,1603217283,31,-10.54,32.08,79.03,7.38
343,puerto escondido,MX,5,1603217169,70,15.85,-97.07,84.2,4.7
344,ambovombe,MG,0,1603217284,88,-25.17,46.08,70.77,3.18
345,grayvoron,RU,29,1603217284,69,50.48,35.68,41.0,8.95
346,oga,JP,99,1603217284,74,46.46,10.35,41.0,10.29
347,selcuk,TR,75,1603217284,56,37.95,27.37,68.0,12.75
348,mahon,ES,20,1603217284,88,39.89,4.27,68.0,14.99
349,geraldton,AU,90,1603217169,77,-28.77,114.6,64.4,13.87
350,lagos,PT,40,1603217284,83,6.58,3.75,82.4,10.29
351,paamiut,GL,100,1603217284,92,61.99,-49.67,36.84,19.86
352,severnyy,RU,10,1603217285,71,50.68,36.55,41.0,8.95
353,lagoa,PT,28,1603217285,67,39.05,-27.98,63.54,27.42
354,launceston,AU,90,1603217285,87,-41.45,147.17,50.0,6.93
355,pingliang,CN,85,1603217285,52,35.54,106.69,45.48,3.91
356,tamiahua,MX,7,1603217285,68,21.27,-97.45,83.64,3.65
357,laguna,BR,5,1603217285,29,38.42,-121.42,75.2,3.36
358,muzhi,RU,98,1603217285,98,65.37,64.67,22.39,3.96
359,new norfolk,AU,100,1603217285,70,-42.78,147.06,51.01,1.01
360,hakone,JP,5,1603217285,81,35.18,139.03,55.99,3
361,khor,QA,80,1603217286,73,47.89,134.95,38.77,7.76
362,tekeli,KZ,0,1603217286,30,44.83,78.82,54.91,7.85
363,mayumba,GA,99,1603217286,86,-3.43,10.66,77.47,7.63
365,tadine,NC,5,1603217286,82,-21.55,167.88,72.14,11.72
366,lipari,IT,0,1603217286,79,38.47,14.95,63.0,5.59
367,makat,KZ,2,1603217286,57,47.65,53.35,48.76,8.7
368,savannah bight,HN,90,1603217286,78,16.45,-85.85,82.2,18.05
369,pokhara,NP,14,1603217287,72,28.23,83.98,66.27,3.4
370,ancud,CL,0,1603217158,51,-41.87,-73.82,53.6,8.05
371,taganak,PH,20,1603217287,100,6.08,118.3,77.0,5.53
372,lasa,CN,40,1603217287,86,46.62,10.7,48.99,4.7
373,bahia blanca,AR,99,1603217195,23,-38.72,-62.27,70.25,8.48
375,kavieng,PG,81,1603217185,84,-2.57,150.8,79.99,11.48
376,vardo,NO,75,1603217287,86,70.37,31.11,37.4,16.11
377,vila franca do campo,PT,40,1603217287,63,37.72,-25.43,62.6,16.11
378,bara,SD,16,1603217288,39,10.37,10.73,81.93,2.28
379,marsabit,KE,11,1603217288,44,2.33,37.99,76.03,11.59
380,palauig,PH,100,1603217288,90,15.44,119.9,78.33,10.8
381,yeppoon,AU,90,1603217298,73,-23.13,150.73,73.4,5.82
382,lapua,FI,84,1603217298,96,62.97,23.01,32.0,1.01
383,jos,NG,37,1603217298,46,9.92,8.9,71.62,2.13
384,maningrida,AU,1,1603217298,78,-12.07,134.27,76.48,1.77
385,albanel,CA,90,1603217298,93,48.88,-72.45,35.6,8.05
386,banikoara,BJ,3,1603217298,31,11.3,2.44,86.16,4.12
387,pevek,RU,79,1603217299,94,69.7,170.31,30.78,20.56
388,lazaro cardenas,MX,83,1603217214,67,17.96,-102.2,86.83,3.22
389,lompoc,US,90,1603217167,93,34.64,-120.46,57.2,5.91
390,monopoli,IT,20,1603217299,82,40.96,17.29,57.2,4.7
391,saint-pierre,PM,37,1603217175,78,-21.34,55.48,73.4,9.46
392,dunedin,NZ,97,1603217208,86,-45.87,170.5,48.0,5.41
393,waw,SD,24,1603217299,75,7.7,28,76.23,4.7
394,belaya gora,RU,20,1603217299,92,68.53,146.42,5.05,1.83
395,nara,ML,0,1603217299,82,34.69,135.8,57.0,3.11
396,droitwich,GB,72,1603217299,87,52.27,-2.15,59.0,3
397,mayskiy,RU,20,1603217300,51,47.69,40.1,46.4,4.47
398,ukiah,US,1,1603217300,48,39.15,-123.21,80.01,2.75
399,inuvik,CA,90,1603217020,92,68.35,-133.72,23.0,9.17
400,maniitsoq,GL,100,1603217300,96,65.42,-52.9,35.96,17.56
402,constitucion,MX,0,1603217300,52,-35.33,-72.42,63.07,19.01
403,nishihara,JP,75,1603217300,74,26.18,127.76,80.6,13.87
405,scoarta,RO,0,1603217300,64,45.02,23.45,46.2,4.18
406,ilulissat,GL,75,1603217300,60,69.22,-51.1,42.8,11.41
407,nhulunbuy,AU,32,1603217301,88,-12.23,136.77,73.4,2.28
408,pemba,MZ,0,1603217301,75,-12.97,40.52,78.39,7.23
409,kashan,IR,0,1603217301,29,33.98,51.44,60.8,1.68
410,dondaicha,IN,31,1603217301,71,21.33,74.57,83.41,0.47
411,kruisfontein,ZA,0,1603217301,81,-34,24.73,57.99,1.01
412,tual,ID,100,1603217228,77,-5.67,132.75,81.82,10.16
413,ciudad bolivar,VE,55,1603217301,44,8.12,-63.55,94.28,6.91
414,cserszegtomaj,HU,48,1603217301,81,46.8,17.22,46.4,6.93
415,touros,BR,40,1603217301,58,-5.2,-35.46,84.2,16.11
416,viedma,AR,1,1603217302,27,-40.81,-63,73.0,1.99
418,hobyo,SO,10,1603217302,81,5.35,48.53,80.4,17.38
419,sosnovo-ozerskoye,RU,0,1603217302,91,52.52,111.54,18.84,9.64
420,manali,IN,40,1603217199,94,13.17,80.27,78.8,4.7
421,erdenet,MN,36,1603217302,84,49.03,104.08,21.97,3.91
422,atikokan,CA,38,1603217302,73,48.76,-91.62,34.74,6.71
423,sfantu gheorghe,RO,0,1603217302,84,45.87,25.78,43.0,1.77
424,broken hill,AU,65,1603217302,36,-31.95,141.43,62.6,3.36
425,lyubinskiy,RU,99,1603217302,49,55.15,72.69,48.2,8.95
426,narrabri,AU,1,1603217303,76,-30.32,149.78,55.4,2.24
427,roma,AU,90,1603217089,87,43.21,-75.46,53.6,5.82
428,mizque,BO,91,1603217225,35,-17.94,-65.34,77.29,11.65
429,garissa,KE,24,1603217245,52,-0.45,39.64,83.3,20.49
430,waipawa,NZ,100,1603217303,87,-41.41,175.52,51.8,8.05
431,yumen,CN,0,1603217144,45,40.28,97.2,46.27,8.75
432,auki,SB,80,1603217303,82,-8.77,160.7,77.68,3.53
433,agirish,RU,99,1603217303,98,61.92,63.02,31.33,5.39
434,taunsa,PK,0,1603217313,21,30.7,70.65,68.76,1.07
435,charters towers,AU,0,1603217314,91,-20.1,146.27,66.79,9.06
436,altamira,BR,77,1603217314,35,-3.2,-52.21,96.19,5.3
437,lata,SB,100,1603217159,94,40.16,-8.33,61.0,1.01
438,phuthaditjhaba,ZA,71,1603217316,77,-28.52,28.82,57.76,11.77
439,derbent,RU,97,1603217316,69,42.07,48.29,59.29,6.38
440,adrar,DZ,0,1603217316,11,20.5,-10.07,92.16,8.03
441,hirara,JP,100,1603217316,82,24.8,125.28,80.47,24.72
443,saldanha,ZA,0,1603217317,59,-33.01,17.94,60.8,18.34
445,meulaboh,ID,49,1603217317,86,4.14,96.13,77.67,4.5
446,baturaja,ID,97,1603217163,88,-4.13,104.17,75.42,1.5
447,sioux lookout,CA,40,1603217317,50,50.1,-91.92,33.8,10.29
448,sao miguel do tapuio,BR,2,1603217317,19,-5.5,-41.32,101.08,8.79
449,pacific grove,US,75,1603217317,87,36.62,-121.92,60.8,3.36
450,nyzhnya duvanka,UA,45,1603217317,62,49.58,38.17,43.92,8.68
451,manzanillo,MX,70,1603217108,63,20.34,-77.12,86.16,2.46
453,henties bay,NA,0,1603217318,84,-22.12,14.28,59.0,6.64
454,port blair,IN,37,1603217318,84,11.67,92.75,81.45,13.35
455,ambilobe,MG,74,1603217318,74,-13.2,49.05,77.11,2.19
456,luis correia,BR,62,1603217318,63,-2.88,-41.67,85.17,18.57
457,ribeira grande,PT,40,1603217151,59,38.52,-28.7,66.2,5.82
458,winnemucca,US,1,1603217318,21,40.97,-117.74,60.8,6.93
459,khani,RU,75,1603217140,93,41.96,42.96,60.8,3.36
460,portland,AU,75,1603217319,82,45.52,-122.68,59.0,6.93
461,miandrivazo,MG,0,1603217203,41,-19.52,45.47,83.61,7.9
462,mount isa,AU,75,1603217319,24,-20.73,139.5,82.4,6.93
463,rawson,AR,25,1603217319,37,-43.3,-65.1,57.78,14.34
465,awjilah,LY,0,1603217319,50,29.11,21.29,75.61,10.63
466,poronaysk,RU,0,1603217319,87,49.22,143.12,32.76,3.56
467,lorengau,PG,91,1603217319,69,-2.02,147.27,81.14,2.95
468,waddan,LY,1,1603217319,44,29.16,16.14,71.56,10.33
469,kidal,ML,0,1603217319,11,18.44,1.41,93.27,2.04
470,russkaya polyana,RU,64,1603217320,70,49.42,31.92,45.19,6.67
471,yanggu,CN,100,1603217320,52,36.11,115.78,59.95,11.16
472,inongo,CD,82,1603217320,92,-1.95,18.27,72.16,5.46
473,vao,NC,16,1603217163,81,-22.67,167.48,72.41,18.48
474,burnie,AU,100,1603217320,78,-41.07,145.92,48.0,5.01
475,honiara,SB,100,1603217320,81,-9.43,159.95,77.34,6.82
476,lampa,CL,0,1603217225,22,-33.28,-70.9,82.99,10.29
477,semenivka,UA,45,1603217320,76,52.18,32.58,39.7,6.4
478,tiznit,MA,55,1603217320,37,29.58,-9.5,77.97,14.7
479,kenitra,MA,75,1603217137,60,34.26,-6.58,75.2,12.75
480,gamba,GA,100,1603217321,88,-2.65,10,76.66,6.98
481,askino,RU,6,1603217321,84,56.09,56.58,36.18,8.34
482,santiago del estero,AR,86,1603217101,67,-27.8,-64.26,71.11,17.02
483,guarapari,BR,90,1603217178,88,-20.67,-40.5,78.01,4.7
484,kutum,SD,4,1603217321,15,14.2,24.67,80.74,12.88
485,vanimo,PG,100,1603217321,80,-2.67,141.3,78.62,2.24
486,kushima,JP,22,1603217321,79,31.46,131.23,63.91,8.46
487,narsaq,GL,75,1603217181,93,60.92,-46.05,35.6,3.36
488,fortuna,US,1,1603217133,93,40.6,-124.16,55.4,6.93
489,cape canaveral,US,40,1603217332,74,28.41,-80.6,84.2,11.41
490,ola,RU,28,1603217332,85,59.58,151.28,27.91,7.11
491,evensk,RU,96,1603217332,88,61.95,159.23,34.84,4.09
493,mahuva,IN,12,1603217332,74,21.09,71.76,84.22,5.95
494,kayasula,RU,91,1603217332,64,44.33,45,52.36,1.14
495,tombouctou,ML,0,1603217332,12,20,-3,92.37,5.17
496,gorontalo,ID,91,1603217332,82,0.54,123.06,74.64,2.13
498,liseleje,DK,100,1603217333,84,56.01,11.95,48.99,8.99
499,cortez,US,1,1603217333,15,37.35,-108.59,72.0,7.54
500,koumac,NC,4,1603217333,77,-20.57,164.28,70.93,3.85
501,veraval,IN,46,1603217333,80,20.9,70.37,83.32,10.04
502,inhambane,MZ,0,1603217333,83,-23.86,35.38,75.13,13.73
503,korfovskiy,RU,75,1603217333,78,48.22,135.06,32.0,6.71
504,elliot,ZA,69,1603217333,78,-31.33,27.85,49.68,4.07
505,chokurdakh,RU,91,1603217334,97,70.63,147.92,14.22,2.06
506,saint-francois,GP,100,1603217177,67,46.42,3.91,60.01,14.99
507,sidi ali,DZ,56,1603217334,22,36.1,0.42,78.62,17.6
508,sabang,ID,84,1603217154,77,5.89,95.32,82.6,14.23
509,outlook,CA,100,1603217160,75,51.5,-107.05,28.0,1.99
510,yorkton,CA,90,1603217334,92,51.22,-102.47,26.6,9.17
511,makakilo city,US,75,1603217334,78,21.35,-158.09,80.6,6.93
512,pontianak,ID,83,1603217334,87,-0.03,109.33,77.45,2.55
513,sistranda,NO,75,1603217335,69,63.73,8.83,39.2,13.87
514,plettenberg bay,ZA,24,1603217335,72,-34.05,23.37,57.33,2.91
515,ulladulla,AU,90,1603217335,100,-35.35,150.47,55.4,3.76
516,saint-joseph,RE,34,1603217335,78,-21.37,55.62,73.4,11.07
517,ous,RU,95,1603217335,96,60.91,61.52,32.67,4.47
518,sabha,LY,81,1603217335,41,27.04,14.43,75.9,11.32
519,harper,LR,98,1603217168,80,4.38,-7.72,78.69,8.19
520,neuquen,AR,17,1603217335,37,-38.95,-68.06,68.0,4.7
521,alice springs,AU,40,1603217335,82,-23.7,133.88,68.0,5.82
522,gazli,UZ,0,1603217335,30,40.13,63.45,56.95,6.58
523,la ronge,CA,90,1603217141,63,55.1,-105.28,26.6,3.36
524,helong,CN,72,1603217336,56,42.54,129,45.91,4
525,strai,NO,75,1603217336,87,58.2,7.9,48.99,4.7
526,bosaso,SO,0,1603217336,52,11.28,49.18,81.5,4.56
527,flinders,AU,17,1603217336,87,-34.58,150.86,61.0,1.01
528,rocha,UY,100,1603217336,95,-34.48,-54.33,49.77,12.95
529,anadyr,RU,75,1603217336,86,64.75,177.48,41.0,17.9
531,altay,CN,0,1603217336,65,47.87,88.12,36.7,4.32
532,tomatlan,MX,19,1603217337,65,19.93,-105.25,88.66,4.68
533,port hedland,AU,40,1603217208,94,-20.32,118.57,71.6,10.29
534,diamantino,BR,86,1603217337,37,-14.41,-56.45,95.23,1.07
535,killam,CA,66,1603217337,74,52.78,-111.85,24.01,4
536,santa cruz del norte,CU,75,1603217337,78,23.15,-81.92,82.4,10.29
537,leshukonskoye,RU,89,1603217337,98,64.9,45.76,25.07,6.13
538,tabriz,IR,48,1603217080,26,38.08,46.29,60.8,4.7
539,eregli,TR,61,1603217165,53,37.51,34.05,59.52,1.52
540,ramnagar,IN,0,1603217337,62,29.4,79.12,67.91,3.78
541,egvekinot,RU,100,1603217348,100,66.32,-179.17,33.94,7.45
542,teahupoo,PF,20,1603217348,69,-17.83,-149.27,82.4,13.87
543,olafsvik,IS,100,1603217348,91,64.89,-23.71,41.11,15.05
545,loa janan,ID,82,1603217348,86,-0.58,117.09,74.01,2.35
546,yar-sale,RU,100,1603217348,98,66.83,70.83,23.05,1.68
547,magadan,RU,24,1603217348,84,59.57,150.8,28.47,3.58
548,pudozh,RU,74,1603217348,97,61.81,36.53,32.07,7.4
549,manicore,BR,92,1603217348,41,-5.81,-61.3,94.77,2.53
550,nizip,TR,59,1603217349,48,37.01,37.79,64.4,8.1
551,eyl,SO,0,1603217349,73,7.98,49.82,81.36,9.24
553,taltal,CL,24,1603217349,57,-25.4,-70.48,67.08,7.27
554,pangody,RU,98,1603217349,99,65.85,74.49,26.22,5.12
555,kefamenanu,ID,76,1603217349,75,-9.45,124.48,71.65,1.21
556,salvador,BR,20,1603217349,70,13.83,-88.92,86.0,4.7
557,buckeye,US,1,1603217292,21,33.37,-112.58,88.0,5.84
558,oriximina,BR,88,1603217349,35,-1.77,-55.87,97.83,9.55
559,fukue,JP,1,1603217146,55,32.69,128.84,70.14,8.08
560,kasongo-lunda,CD,59,1603217350,89,-6.47,16.82,73.85,1.88
561,olenino,RU,37,1603217350,97,56.21,33.49,31.75,6.93
562,lisakovsk,KZ,100,1603217350,41,52.54,62.49,53.53,7.34
563,christiansfeld,DK,100,1603217350,93,55.36,9.49,48.2,9.17
564,puerto del rosario,ES,40,1603217350,69,28.5,-13.86,80.6,11.41
565,hyeres,FR,75,1603217350,77,43.12,6.12,62.6,14.99
566,chokwe,MZ,0,1603217350,76,-24.53,32.98,75.87,23.04
567,bouna,CI,70,1603217350,77,9.27,-3,78.28,4.7
568,baykit,RU,91,1603217191,96,61.67,96.37,22.87,1.21
569,boyolangu,ID,92,1603217351,87,-8.12,111.89,77.02,1.83
570,quimper,FR,100,1603217083,87,48,-4.1,59.0,5.82
571,padang,ID,66,1603217073,75,-0.95,100.35,79.48,4.97
572,tire,TR,75,1603217351,56,38.09,27.74,68.0,12.75
573,eshowe,ZA,100,1603217351,90,-28.89,31.47,60.22,9.37
574,tessalit,ML,0,1603217351,11,20.2,1.01,91.58,8.32
575,kosa,RU,84,1603217351,94,59.94,55,33.08,6.55
576,kaya,BF,63,1603217351,23,13.09,-1.08,94.01,1.63
577,half moon bay,US,5,1603217107,82,37.46,-122.43,73.99,3.33
578,kokopo,PG,76,1603217351,83,-4.35,152.26,76.69,4.18
579,san pedro de ycuamandiyu,PY,33,1603217352,28,-24.09,-57.08,98.71,1.97
580,kilembe,UG,75,1603217352,83,0.2,30,63.21,2.93
581,rayong,TH,40,1603217352,88,12.83,101.43,77.0,6.93
582,shitanjing,CN,0,1603217352,52,39.23,106.34,38.91,7.78
583,koungou,YT,0,1603217352,74,-12.73,45.2,80.6,5.82
584,nantucket,US,90,1603217144,82,41.28,-70.1,62.6,5.82
585,aasiaat,GL,100,1603217352,90,68.71,-52.87,36.23,8.57
586,benghazi,LY,2,1603217352,69,32.12,20.07,70.77,15.55
587,marmande,FR,100,1603217352,83,44.5,0.17,64.99,10
588,ketchikan,US,75,1603217353,100,55.34,-131.65,42.8,3.78
589,port-gentil,GA,75,1603217212,94,-0.72,8.78,78.8,13.87
590,te anau,NZ,27,1603217353,90,-45.42,167.72,34.07,1.05
591,anicuns,BR,100,1603217353,84,-16.46,-49.96,72.97,5.91
593,mount gambier,AU,90,1603217353,100,-37.83,140.77,44.6,3.18
594,arrecife,ES,20,1603217363,74,28.96,-13.55,78.8,20.8
595,klembivka,UA,14,1603217334,60,48.39,28.41,47.5,2.95
596,kawalu,ID,99,1603217363,90,-7.38,108.21,73.72,1.23
597,goedereede,NL,100,1603217363,88,51.82,3.98,57.0,18.28
598,ginir,ET,34,1603217364,69,7.13,40.7,59.54,4.59
599,buchanan,LR,100,1603217232,83,5.88,-10.05,79.25,6.64
600,juneau,US,90,1603217195,93,58.3,-134.42,37.99,3.36
601,sur,OM,0,1603217364,58,22.57,59.53,74.59,2.89
602,machico,PT,20,1603217364,53,32.7,-16.77,71.6,2.24
603,arman,RU,20,1603217364,84,59.7,150.17,27.52,5.23
604,kupang,ID,92,1603217364,80,-10.17,123.58,78.98,3.87
605,revelganj,IN,13,1603217287,78,25.78,84.67,77.0,2.57
606,siva,RU,13,1603217364,34,29.2,25.52,78.03,3.47
607,east wenatchee,US,98,1603217364,62,47.42,-120.29,52.0,3.04
608,finschhafen,PG,10,1603217365,80,-6.6,147.87,78.37,4.32
609,ghatsila,IN,78,1603217365,75,22.6,86.48,76.98,2.17
610,clinton,US,75,1603217213,76,42.59,-82.92,53.01,6.93
611,novyy urengoy,RU,98,1603217365,98,66.08,76.63,25.54,7
612,imbituba,BR,20,1603217365,65,-28.24,-48.67,82.4,16.11
613,mareeba,AU,51,1603217365,83,-17,145.43,69.8,3.36
614,ligayan,PH,100,1603217365,72,4.65,119.47,83.5,7.94
615,boundiali,CI,21,1603217365,73,9.52,-6.49,79.79,1.19
617,pisco,PE,40,1603217366,77,-13.7,-76.22,66.2,11.41
618,ulaangom,MN,58,1603217366,87,49.98,92.07,26.82,2.06
619,bridlington,GB,88,1603217366,82,54.08,-0.19,59.0,9.17
620,nyurba,RU,81,1603217366,97,63.28,118.33,18.63,4.38
621,jabinyanah,TN,20,1603217366,53,35.03,10.91,73.4,6.93
622,rumonge,BI,88,1603217366,76,-3.97,29.44,73.45,6.87
623,cap-aux-meules,CA,90,1603217366,93,47.38,-61.86,57.2,17.22
624,axim,GH,71,1603217181,85,4.87,-2.24,78.06,9.33
625,tromso,NO,0,1603217246,86,69.65,18.96,26.6,9.17
626,high level,CA,40,1603217366,100,58.52,-117.14,12.2,2.24
627,westport,IE,90,1603217367,82,41.14,-73.36,68.0,4.7
629,nigel,ZA,47,1603217367,38,-26.43,28.48,79.0,4.88
630,lavrentiya,RU,49,1603217215,90,65.58,-171,36.43,11.34
631,necochea,AR,55,1603217367,47,-38.55,-58.74,63.0,5.01
632,summerside,CA,99,1603217364,87,46.4,-63.79,63.0,10
633,komsomolskiy,RU,0,1603217367,50,40.43,71.72,57.2,4.7
634,bambanglipuro,ID,98,1603217367,84,-7.95,110.28,79.03,3.76
635,sovetskiy,RU,100,1603217367,95,61.36,63.58,33.01,5.61
636,ust-kuyga,RU,100,1603217368,95,70.02,135.6,11.91,6.46
637,khromtau,KZ,62,1603217368,81,50.25,58.43,43.56,15.46
638,nabire,ID,97,1603217368,87,-3.37,135.48,76.41,4.07
639,hakkari,TR,60,1603217368,42,37.58,44.17,50.04,2.04
640,filadelfia,PY,90,1603217190,82,39.95,-75.16,73.0,5.82
641,coahuayana,MX,20,1603217368,78,18.73,-103.68,80.6,4.79
642,goure,NE,48,1603217368,13,13.98,10.27,91.0,1.99
643,yenagoa,NG,94,1603217368,87,4.92,6.26,77.95,5.41
644,itaqui,BR,25,1603217368,55,-29.13,-56.55,88.75,12.82
645,leeton,AU,98,1603217369,93,-34.57,146.4,46.4,3.56
647,sao filipe,CV,81,1603217379,54,14.9,-24.5,86.49,8.28
648,butembo,CD,99,1603217379,98,0.15,29.28,59.36,1.61
649,boysun,UZ,0,1603217379,39,38.21,67.2,53.46,2.06
650,shingu,JP,39,1603217379,74,33.73,135.98,61.77,9.06
651,salinopolis,BR,39,1603217379,66,-0.61,-47.36,85.48,14.45
652,bukachacha,RU,87,1603217379,89,52.98,116.92,23.43,8.68
653,staryy nadym,RU,96,1603217379,98,65.61,72.68,24.94,5.68
654,leeuwarden,NL,90,1603217239,87,53.2,5.81,55.4,10.29
655,erseke,AL,47,1603217380,67,40.34,20.68,46.38,4.79
656,storforshei,NO,84,1603217380,59,66.4,14.52,34.0,11.41
657,burns lake,CA,55,1603217380,89,54.23,-125.75,33.98,4.18
658,camacha,PT,40,1603217380,64,33.08,-16.33,69.8,21.92
659,muravlenko,RU,100,1603217380,98,63.79,74.52,26.49,6.91
660,lakatoro,VU,82,1603217380,79,-16.1,167.42,76.89,7.31
661,biryusinsk,RU,100,1603217380,98,55.96,97.82,32.29,8.37
662,san juan de los morros,VE,100,1603217380,65,9.91,-67.35,83.82,4.25
